{
    "name": "root",
    "gauges": {
        "CarAgent.Policy.Entropy.mean": {
            "value": 2.728551149368286,
            "min": 2.714340925216675,
            "max": 2.728551149368286,
            "count": 4
        },
        "CarAgent.Policy.ExtrinsicValueEstimate.mean": {
            "value": 15.33736515045166,
            "min": 15.148606300354004,
            "max": 15.70410442352295,
            "count": 4
        },
        "CarAgent.Policy.CuriosityValueEstimate.mean": {
            "value": 0.399079829454422,
            "min": 0.14259697496891022,
            "max": 0.399079829454422,
            "count": 4
        },
        "CarAgent.Environment.EpisodeLength.mean": {
            "value": 2999.0,
            "min": 2999.0,
            "max": 2999.0,
            "count": 4
        },
        "CarAgent.Environment.CumulativeReward.mean": {
            "value": 497.3333333333333,
            "min": 244.66666666666666,
            "max": 497.3333333333333,
            "count": 4
        },
        "CarAgent.Policy.ExtrinsicReward.mean": {
            "value": 497.3333333333333,
            "min": 244.66666666666666,
            "max": 497.3333333333333,
            "count": 4
        },
        "CarAgent.Policy.CuriosityReward.mean": {
            "value": 189.87809971968332,
            "min": 0.0,
            "max": 189.87809971968332,
            "count": 4
        },
        "CarAgent.IsTraining.mean": {
            "value": 1.0,
            "min": 1.0,
            "max": 1.0,
            "count": 4
        },
        "CarAgent.Losses.ValueLoss.mean": {
            "value": 2.0756828784942627,
            "min": 1.0921823978424072,
            "max": 3.6801772117614746,
            "count": 3
        },
        "CarAgent.Losses.PolicyLoss.mean": {
            "value": 0.021360987797379494,
            "min": 0.019571689888834953,
            "max": 0.02269531413912773,
            "count": 3
        },
        "CarAgent.Policy.LearningRate.mean": {
            "value": 0.001448853756301105,
            "min": 0.001448853756301105,
            "max": 0.001461185049265623,
            "count": 3
        },
        "CarAgent.Policy.Epsilon.mean": {
            "value": 0.1482951045036316,
            "min": 0.1482951045036316,
            "max": 0.14870615303516388,
            "count": 3
        },
        "CarAgent.Policy.Beta.mean": {
            "value": 0.024152735248208046,
            "min": 0.024152735248208046,
            "max": 0.02435821108520031,
            "count": 3
        },
        "CarAgent.Losses.CuriosityForwardLoss.mean": {
            "value": 0.5480929017066956,
            "min": 0.09632810205221176,
            "max": 4.10304594039917,
            "count": 3
        },
        "CarAgent.Losses.CuriosityInverseLoss.mean": {
            "value": 0.408575177192688,
            "min": 0.2929747402667999,
            "max": 0.8454140424728394,
            "count": 3
        }
    },
    "metadata": {
        "timer_format_version": "0.1.0",
        "start_time_seconds": "1597475352",
        "python_version": "3.8.5 (tags/v3.8.5:580fbb0, Jul 20 2020, 15:57:54) [MSC v.1924 64 bit (AMD64)]",
        "command_line_arguments": "D:\\Program Files\\Python\\Scripts\\mlagents-learn config/CarAgent.yaml --run-id=Driver --resume",
        "mlagents_version": "0.18.1",
        "mlagents_envs_version": "0.18.1",
        "communication_protocol_version": "1.0.0",
        "tensorflow_version": "2.3.0",
        "end_time_seconds": "1597475931"
    },
    "total": 579.5322876,
    "count": 1,
    "self": 0.003888299999971423,
    "children": {
        "run_training.setup": {
            "total": 0.00618849999999993,
            "count": 1,
            "self": 0.00618849999999993
        },
        "TrainerController.start_learning": {
            "total": 579.5222108,
            "count": 1,
            "self": 13.880824000001667,
            "children": {
                "TrainerController._reset_env": {
                    "total": 6.4968151999999995,
                    "count": 1,
                    "self": 6.4968151999999995
                },
                "TrainerController.advance": {
                    "total": 557.2276394999983,
                    "count": 44281,
                    "self": 0.5152754999996887,
                    "children": {
                        "env_step": {
                            "total": 556.7123639999986,
                            "count": 44281,
                            "self": 529.3711796999926,
                            "children": {
                                "SubprocessEnvManager._take_step": {
                                    "total": 26.81264790001138,
                                    "count": 44281,
                                    "self": 1.0753064000201,
                                    "children": {
                                        "NNPolicy.evaluate": {
                                            "total": 25.73734149999128,
                                            "count": 44281,
                                            "self": 25.73734149999128
                                        }
                                    }
                                },
                                "workers": {
                                    "total": 0.5285363999946284,
                                    "count": 44280,
                                    "self": 0.0,
                                    "children": {
                                        "worker_root": {
                                            "total": 569.2069094999998,
                                            "count": 44280,
                                            "is_parallel": true,
                                            "self": 82.09196250000207,
                                            "children": {
                                                "steps_from_proto": {
                                                    "total": 0.0003918000000000532,
                                                    "count": 1,
                                                    "is_parallel": true,
                                                    "self": 9.499999999995623e-05,
                                                    "children": {
                                                        "_process_vector_observation": {
                                                            "total": 0.000296800000000097,
                                                            "count": 8,
                                                            "is_parallel": true,
                                                            "self": 0.000296800000000097
                                                        }
                                                    }
                                                },
                                                "UnityEnvironment.step": {
                                                    "total": 487.11455519999777,
                                                    "count": 44280,
                                                    "is_parallel": true,
                                                    "self": 2.6881726000013373,
                                                    "children": {
                                                        "UnityEnvironment._generate_step_input": {
                                                            "total": 4.866963599995964,
                                                            "count": 44280,
                                                            "is_parallel": true,
                                                            "self": 4.866963599995964
                                                        },