{
    "name": "root",
    "metadata": {
        "timer_format_version": "0.1.0",
        "start_time_seconds": "1597385862",
        "python_version": "3.8.5 (tags/v3.8.5:580fbb0, Jul 20 2020, 15:57:54) [MSC v.1924 64 bit (AMD64)]",
        "command_line_arguments": "D:\\Program Files\\Python\\Scripts\\mlagents-learn --run-id=WithLeftTurn --force",
        "mlagents_version": "0.18.1",
        "mlagents_envs_version": "0.18.1",
        "communication_protocol_version": "1.0.0",
        "tensorflow_version": "2.3.0",
        "end_time_seconds": "1597386018"
    },
    "total": 155.6855003,
    "count": 1,
    "self": 0.0037690000000054624,
    "children": {
        "run_training.setup": {
            "total": 0.005728500000000025,
            "count": 1,
            "self": 0.005728500000000025
        },
        "TrainerController.start_learning": {
            "total": 155.6760028,
            "count": 1,
            "self": 6.594804499999356,
            "children": {
                "TrainerController._reset_env": {
                    "total": 8.648659299999998,
                    "count": 1,
                    "self": 8.648659299999998
                },
                "TrainerController.advance": {
                    "total": 139.08690410000065,
                    "count": 17884,
                    "self": 0.20019619999990823,
                    "children": {
                        "env_step": {
                            "total": 138.88670790000074,
                            "count": 17884,
                            "self": 127.72468310000178,
                            "children": {
                                "SubprocessEnvManager._take_step": {
                                    "total": 10.947995499999761,
                                    "count": 17884,
                                    "self": 0.4419103000005986,
                                    "children": {
                                        "NNPolicy.evaluate": {
                                            "total": 10.506085199999163,
                                            "count": 17884,
                                            "self": 10.506085199999163
                                        }
                                    }
                                },
                                "workers": {
                                    "total": 0.21402929999920062,
                                    "count": 17883,
                                    "self": 0.0,
                                    "children": {
                                        "worker_root": {
                                            "total": 144.67985050000092,
                                            "count": 17883,
                                            "is_parallel": true,
                                            "self": 34.24154340000199,
                                            "children": {
                                                "steps_from_proto": {
                                                    "total": 0.000430100000000877,
                                                    "count": 1,
                                                    "is_parallel": true,
                                                    "self": 0.00010499999999957765,
                                                    "children": {
                                                        "_process_vector_observation": {
                                                            "total": 0.00032510000000129935,
                                                            "count": 8,
                                                            "is_parallel": true,
                                                            "self": 0.00032510000000129935
                                                        }
                                                    }
                                                },
                                                "UnityEnvironment.step": {
                                                    "total": 110.43787699999893,
                                                    "count": 17883,
                                                    "is_parallel": true,
                                                    "self": 1.104939299999728,
                                                    "children": {
                                                        "UnityEnvironment._generate_step_input": {
                                                            "total": 2.0794350999996976,
                                                            "count": 17883,
                                                            "is_parallel": true,
                                                            "self": 2.0794350999996976
                                                        },
                                                        "communicator.exchange": {
                                                            "total": 101.65808640000093,
                                                            "count": 17883,
                                                            "is_parallel": true,
                                                            "self": 101.65808640000093
                                                        },
                                                        "steps_from_proto": {
                                                            "total": 5.595416199998574,
                                                            "count": 17883,
                                                            "is_parallel": true,
                                                            "self": 1.5015833000003465,
                                                            "children": {
                                                                "_process_vector_observation": {
                                                                    "total": 4.093832899998228,
                                                                    "count": 143064,
                                                                    "is_parallel": true,
                                                                    "self": 4.093832899998228
                                                                }
                                                            }
                                                        }
                                                    }
                                                }
                                            }
                                        }
                                    }
                                }
                            }
                        }
                    }
                },
                "trainer_threads": {
                    "total": 3.2799999985400063e-05,
                    "count": 1,
                    "self": 3.2799999985400063e-05,
                    "children": {
                        "thread_root": {
                            "total": 0.0,
                            "count": 0,
                            "is_parallel": true,
                            "self": 0.0,
                            "children": {
                                "trainer_advance": {
                                    "total": 142.51512559999705,
                                    "count": 70786,
                                    "is_parallel": true,
                                    "self": 2.1385674000005963,
                                    "children": {
                                        "process_trajectory": {
                                            "total": 139.14454969999647,
                                            "count": 70786,
                                            "is_parallel": true,