Steps,Policy/Entropy,Policy/Extrinsic Value Estimate,Policy/Curiosity Value Estimate,Environment/Episode Length,Environment/Cumulative Reward,Policy/Extrinsic Reward,Policy/Curiosity Reward,Is Training
2560000,2.714341,15.148606,0.15007237,2999.0,415.0,415.0,0.0,1.0
2570000,2.7168715,15.473051,0.14259697,2999.0,455.25,455.25,35.60137314349413,1.0
2580000,2.721287,15.704104,0.17402874,2999.0,244.66666666666666,244.66666666666666,152.03061977028847,1.0
2590000,2.7285511,15.337365,0.39907983,2999.0,497.3333333333333,497.3333333333333,189.87809971968332,1.0
